Chinese,English
的,of
我,I
你,you
了,Over
是,Yes
在,exist
我們,us
他,he
嗎,?
不,Do not
и,bleak
有,Have
說,Say
好,it is good
就,At once
吧,Bar
她,she
來,Come
知道,Know
都,All
什麼,what
對,right
去,go
也,also
很,very
啊,what
要,want
他們,them
琌,Bleak
那,That
人,people
沒,No
為,for
會,meeting
和,and
想,think
ぃ,Bleak
讓,Let
把,Bundle
不是,no
到,arrive
做,Do
一個,One
這,This
什么,what
得,have to
l,L
跟,and
可以,Can
上,superior
但,but
硂,Bleak
呢,Woolen cloth
這個,this
個,indivual
走,Walk
就是,that is
τ,bleak
看,Look
能,can
這是,This is
這樣,so
怎麼,how
如果,if
們,People
被,quilt
你們,you
或,or
事,thing
聽,listen
誰,Who
自己,Own
現在,Now
從,from
不會,Won't
真的,real
它,it
因為,because
沒有,No
ㄓ,Bleak
話,talk
璶,Bleak
著,Be
死,die
不能,cannot
謝謝,thanks
再,Again
先生,gentlemen
告訴,Tell
you,you
不要,don't want
妳,you
後,back
別,do not
the,the
只是,only
需要,need
快,quick
那個,that
m,m
ê,bleak
像,picture
叫,Call
穦,Bleak
該,Should
時候,when
可能,possible
i,I
碞,cliff
但是,but
所以,so
ぐ,Bleak
又,again
喜歡,like
見,See
找,Find
還有,and also
等,Wait
請,Please
我要,I want
這裡,here
一下,a bit
已經,already
一起,Together
這些,These
怎么,how
哦,Oh
裏,inside
盾,shield
才,talent
您,you
多,many
問題,question
殺,kill
還是,still
我會,I can
錢,money
孩子,child
看到,See
而,and
這麼,so
馬,horse
東西,thing
a,A
一樣,Same
應該,should
to,to
吃,eat
帶,bring
幫,help
弧,arc
工作,Work
笵,bamboo mold
時間,time
沒事,fine
用,use
哪,where
一定,must
稱,say
朋友,friend
開始,start
有人,Someone
s,S
嘿,Hey
希望,hope
啦,La
看看,have a look
回來,return
找到,turn up
嗯,Um
今天,today
長,long
地方,place
一直,Always
眔,Bleak
當然,certainly
於,At
不想,In no mood
抱歉,Feel sorry
最,most
筁,Bleak
天,sky
那些,Those ones
拿,take
ㄆ,Bleak
中,middle
以,by
可,Can
下,Down
真,real
你好,Hello
打,beat
只,Only
更,Even
所有,all
相信,Believe
那麼,So
起來,stand up
真是,Really
癸,Dwarf
it,IT
一切,everything
明白,clear
大家,Everyone
事情,matter
不起,Be unable to afford
爸爸,dad
時,Time
不過,but
覺得,feel
非常,Very
想要,want to
临,Go
發生,occur
大,Big
一,one
愛,Love
年,year
必須,must
呀,ah
與,and
準備,Prepare
倒,fall
媽媽,Mother
嘛,Well
ネ,Bleak
認為,think
比,Compare
離開,leave
and,and
妓,prostitute
這里,here
意思,mean
沒錯,Right
一點,a little
秨,Bleak
這兒,here
that,that
痷,Bleak
of,OF
太,too
跑,run
過來,come over
這種,This
已,already
翴,Bleak
常,often
只有,only
一次,once
ぱ,Bleak
拜,bye
快點,hurry up
摆,put
女人,woman
t,T
幹,Dry
р,bleak
不用,Need not
感覺,Feel
之前,Before
世界,world
可是,But
之,Of
pos,POS
發現,Find
辦,manage
瞷,Bleak
而且,and
一些,Some
很多,a lot of
向,Towards
出去,go out
小,Small
噢,Oh
等等,and many more
嗨,Hi
е,bleak
不行,no
出來,come out
任何,any
那樣,That way
名字,name
月,moon
生活,Life
住,live
兩個,two
地,land
開,open
卻,but
他媽,His mother
認識,know
喂,Hey
如何,how
我覺,I felt
ǐ,pilot
到底,in the end
肯定,affim
里,inside
琵,lute
擔心,Worry
最好,most
癬,Ringworm
怎樣,how
所,Place
羅,Luo
是不是,is not it
父親,Father
男人,man
前,forward
有點,A bit
重要,important
好像,like
in,in
暗,dark
懂,Understand
電話,Telephone
不錯,good
繼續,continue
買,purchase
官,official
親愛的,Honey
is,IS
要是,if
只要,if only
這么,so
錯,wrong
明天,tomorrow
回家,go home
得到,get
吹,blow
給我,give me
we,wee
ㄇ,Bleak
み,Bleak
正在,In
新,new
上帝,God
小姐,Miss
b,B
也許,Maybe
醫生,doctor
今晚,tonight
多少,How many
先,First
哪兒,where
寫,Write
哪裡,where
以前,before
它們,they
礛,Bleak
係,Tie
me,me
再見,goodbye
回去,go back
出,out
警察,police
怎麼樣,How about it
完全,completely
も,Bleak
ǎ,ǎ
ㄠ,Bleak
what,What
т,bleak
ゴ,Bleak
不到,Be unable to
記得,Remember
放,put
我能,I can
安全,Safety
女孩,girl
種,kind
那裡,There
兒子,son
還好,fine
蛤,Clam
ノ,Bleak
如此,in this way
復,complex
掉,Lose
不管,in spite of
其他,other
fn,FN
び,Bleak
い,い
聽著,listen
弄,alley
搞,Do
小心,Be careful
送,deliver
說過,Say
祇,Only
情況,Happening
喔,Oh
行,Row
產,Produce
那么,So
站,stand
狦,Bleak
好好,well
兄弟,brother
我來,I come
公司,company
結束,Finish
傢,Family
總,total
根本,fundamental
pro,pro
ρ,bleak
一天,one day
或者,or
進來,Come in
subhead,subhead
fncronos,fncronos
點,point
處,Place
確定,Sure
on,on
槍,gun
然后,Then
清楚,clear
this,this
高興,Happy
我現,I am present
機會,Chance
決定,Decide
穿,Put on
玡,Bleak
讽,Irony
託,Entrust
老,old
玩,Play
稲,Bleak
杠,Bars
家,Family
ウ,Bleak
he,he
混蛋,asshole
辦法,Method
歲,age
寶貝,baby
有些,some
方正,Square
女兒,daughter
睡,sleep
帝,emperor
其實,actually
手,hand
派,group
無法,Unable to
喝,drink
那邊,there
完,Finish
不了,Be unable to
ó,
竒,Bleak
女士,Miss
忘,forget
for,deor
伙,Partner
your,YOUR
猭,ape
坐,sit
每個,Every
軍,military
no,NO
過去,past
回事,Deepen
my,my
克,gram
街,street
晚上,night
砆,agate
歡迎,welcome
美國,U.S.
我想,I think
進去,Go in
钩,hook
還在,Still
麽,What's wrong?
另,Other
瘋,Crazy
眖,Bleak
成為,become
疭,Bleak
程,Procedure
唯一,only
幹什麼,What to do
救,save
就要,To
幫助,help
干,Dry
不好,not good
麻煩,trouble
筿,Bleak
這次,this time
故事,story
改變,Change
打算,Intend
接受,accept
鬼,ghost
丁,Ding
have,have
ぇ,Bleak
由,Depend on
我们,us
約,about
房子,house
看來,Seem
was,was
生命,life
玩笑,joke
蹤,trace
θ,θ
not,not
漂亮,pretty
谋,seek
よ,Bleak
忙,busy
笑,laugh
秈,Bleak
re,render
留下,Leave
be,BE
曾,Once
還,return
那兒,there
注意,Notice
樣,Sample
獺,otter
真正,real
衣服,clothing
害怕,Fear
礚,Bleak
倆,both
計劃,plan
待,treat
第一,First
成功,success
下去,Go on
選擇,choose
禗,Bleak
爸,dad
夢,Dream
岿,Bleak
哇,Wow
母親,Mother
當時,then
保護,Protect
甚至,even
還要,Still
這件,this
各位,Everyone
诀,Tactics
有個,is having a
那種,That kind
タ,Bleak
are,be
ω,ω
do,DO
才能,Talent
壞,Bad
此,this
感謝,grateful
繷,Bleak
赣,Gan
想到,think
夫人,lady
失去,lose
太好了,Great
不同,different
無,none
這邊,Here
危險,Danger
幾個,several
達,Reach
拍,shoot
出現,Appear
很快,soon
回到,Return
笆,fence
回,Return
事實,fact
can,can
內,Inside
總統,president
原因,reason
隻,Only
ゑ,Bleak
呃,Uh
而已,Just
舧,Bleak
外面,Outside
all,all
人們,people
別人,other people
一種,A sort of
并,and
至少,At least
結婚,marry
身上,On the body
開心,happy
雖然,Although
薄,Thin
保證,ensure
幫忙,help
know,Know
變成,become
盿,Bleak
钮,button
狗,dog
妻子,wife
是否,whether
粄,Bleak
挺,quite
太太,Mrs
だ,Bleak
我給,I give
收到,receive
抓,Grasp
大人,grown ups
下來,Down
那里,There
腊,Bald
或許,perhaps
房間,Room
猜,Guess
稰,Bleak
閉嘴,To shut up
眼睛,Eye
只能,Only
消息,information
狥,Bleak
谅谅,Forgive
尺,ruler
照片,photo
with,with
永遠,forever
進行,conduct
奇怪,strangeness
談,talk
然,But
處理,deal with
fnmicrosoft,fnmitrosoft
像是,Like
比賽,Contest
萬,Ten thousand
but,but
just,just
賣,Sell
沒什麼,nothing
起,rise
完成,Finish
特別,special
打電話,Call up
他會,He can
難道,Not
結果,result
紈,white silk
so,so
恨,hatred
行動,action
最近,recent
剛剛,just
稦,Bleak
哪里,where
don,don
沒人,no one
難,Disaster
啥,What
臉,Face
靠,Depend on
談談,Talk
給,Give
吗,?
一件,One piece
你現,You
玂,Bleak
惠,benefit
μ,μ
ㄢ,Bleak
整個,entire
了解,learn
沒關,Not closed
there,pr
飯,meal
心,Heart
老師,teacher
努力,effort
感到,feel
學校,School
后,back
不好意思,Excuse me
就算,Even
第一次,the first time
炳,Dazzling
瞶,Bleak
直到,until
些,some
小時,Hour
多久,how long
解決,solve
存在,exist
求,beg
上面,above
路,road
小孩,Child
they,theny
聲音,sound
裡,inside
所有人,Owner
セ,Bleak
同意,agree
書,Book
腳,foot
洱,Paperous
有什麼,have what
死亡,die
要求,Require
晚安,Good night
號,No
給你,Give you
边,side
そ,Bleak
瞭解,learn
輕,light
单,one
國家,nation
丈夫,husband
人類,Humanity
兒,Son
主意,idea
除了,Apart from
ね,Bleak
跳,Jump
剛才,Just now
簡單,Simple
參加,join
拉,pull
調查,investigation
自由,free
さ,Bleak
簡體,Simplified
約翰,John
解釋,explain
戰爭,war
ч,bleak
翻譯,translate
フ,Bleak
陪,accompany
武器,arms
快樂,hapiness
焊,weld
小子,Little boy
理解,understand
突然,Sudden
耶,yeah
ō,ō
討厭,Hate
容易,easy
老婆,Wife
家人,family
控制,control
不再,no longer
全部,all
製,system
有趣,interesting
砛,Bleak
考慮,consider
高,high
回答,Reply
瓣,valve
離,Leave
目標,Target
一位,One
鬆,loose
字幕,subtitle
皑,Snow -covered
傷害,harm
替,for
大概,perhaps
打開,Open
ń,bleak
看著,Look at
看見,see
久,Long
方式,Way
地球,Earth
秘密,secret
你會,You can
追,Chase
父母,parents
加油,come on
盽,Bleak
放在,Put in
龟,turtle
不見,not see
直接,direct
樣子,Look
早上,Morning
醫院,Hospital
日,day
最后,at last
做到,Achieve
見過,Met
么,What's wrong?
抓住,catch
每天,every day
保持,Keep
電影,Movie
公室,Room
更好,better
確實,really
娩,delivery
進,Enter
瞒,conceal
昨晚,last night
進入,Enter
here,here
盡,Fully
還沒,not yet
放下,lay down
照顧,take care of
任何人,anyone
休息,rest
咱們,we
right,Right
使,Make
拿到,Get
髮,send
之間,between
瓳,Bleak
早,morning
留在,Stay
不然,otherwise
過,Pass
其他人,other people
媽的,Oh shit
飛機,airplane
若,like
絕對,absolute
身體,Body
she,she
通過,pass
like,like
ㄤ,Bleak
get,get
逼,force
蔼,Kind
博士,PhD
坐下,sit down
任務,Task
停下,Stop
闽,Fujian
滾,roll
肈,Bleak
無論,regardless
很棒,great
看起,Look
停,stop
人生,Life
钡,barium
其中,in
想法,idea
é,é
阻止,Prevent
one,one
代表,represent
力量,strength
試試,Try
正,just
作為,Be
媽,mom
牡,male
厩,stable
out,out
這位,this
老天,God
自,since
分鐘,minute
睡覺,sleep
窥,peep
想想,Think about
秆,stalk
這事,This issue
哥哥,elder brother
重新,again
癘,Bleak
糟糕,Oops
命令,Order
偷,steal
還能,Still
管,Tube
能夠,were able
ヴ,Bleak
贺,Congratulate
up,UP
罢,stop
城市,City
花,flower
go,GO
怕,afraid
盢,Bleak
什,Varied
生日,Birthday
琩,Bleak
加入,join in
碰,bump
方法,method
便,Be
穝,Bleak
d,D
未來,future
狟,Bleak
太棒了,awesome
呆,stay
政府,government
否則,otherwise
干什么,What to do
ン,ン ン
消失,disappear
坐在,Sit in
三,three
有事,Have something to do with
ェ,Bleak
咖啡,coffee
原諒,forgive
報告,Report
原來,turn out to be
三個,Three
檢查,an examination
看過,Seen
餓,hungry
越,cross
材,material
騙,cheat
家庭,family
哈,what
紐約,New York
本,Book
克斯,Chips
冷靜,calm
身邊,Beside
男孩,boy
厲害,sharp
at,AT
ゲ,Bleak
正常,normal
那天,That day
之后,after
昨天,yesterday
謝,Thanks
痛苦,pain
水,water
不可,Not
来,Come
變得,Become
亂,chaos
次,Second-rate
證明,prove
負責,Responsible
隨便,casual
簀,Bleak
甚麼,what
yeah,Yeah
ら,Bleak
辨,Discern
麼,What's wrong?
上去,Go up
我剛,I just
你給,you give
about,About
美,nice
一場,One game
搶,grab
再也,Voyage
爾,you
癡,Be infatuated
獶,Bleak
研究,Research
ぶ,Bleak
ll,LL
这,This
可怕,horrible
yahei,yahei
開車,drive
道,road
附近,nearby
開槍,shot
每,Every
if,if
矪,Bleak
我家,my home
絋,Bleak
老兄,Man
璸,pearl
干嘛,what
第,First
柑,Mandarin
似乎,seem
ν,bleak
成,to make
him,him
未,not yet
ち,Bleak
當,when
教,teach
完美,Perfect
機器,machine
黃,yellow
反正,Anyway
怪,Strange
以及,as well as
祝,wish
夥計,Gang
女,Female
will,will
挡,block
國王,king
較,Compare
必要,necessary
now,now
恩,kindness
叔叔,uncle
r,R
隔,Separate
说,Say
總是,always
臺,tower
擁有,have
即使,even though
攻擊,attack
哭,cry
遇到,meet
一年,One year
兩,two
位置,Location
米,Meter
糑,Bleak
因此,therefore
發誓,swear
除非,unless
as,AS
我還,I still
操,Hold
使用,use
或是,Either
系統,system
船,ferry
chffffff,chffffff
案子,case
г,bleak
停止,stop
放棄,give up
白,White
安排,arrange
一條,One
瘋狂,crazy
遠,Far
面,noodle
食物,food
尿,Urine
聽到,Hear
夠了,enough
理由,reason
打擾,disturb
初,early
簆,Bleak
支持,support
oh,OH
住手,stop
簡直,simply
表演,Performance
鑰匙,key
信任,trust
沖,rush
闆,plate
信,letter
ア,Kettle
how,how
奔,Run
放開,open
銀行,bank
甡,Bleak
裡面,in
早就,Early
from,from
音樂,music
發,send
陛下,His Majesty
妹妹,younger sister
身份,identity
而是,But
間,between
目前,Currently
證據,evidence
搞定,Do
傑克,Jack
her,her
姐姐,elder sister
日子,day
不知,Unknown
下面,under
塊,piece
英雄,hero
接,catch
螟,Bleak
碭,Bleak
る,Bleak
come,COME
堅持,persist in
不必,No need
眤,Bleak
羆,brown bear
記住,remember
還沒有,not yet
錯誤,mistake
隊,team
砰,boom
慢慢,Slowly
繫,Tie
道歉,Apologize
面前,before
姑娘,girl
瞧,Look at
可不,Not
為何,Why
斯,San
二,two
拜托,Ask
賺,earn
估,estimate
场,field
硄,Bleak
瓁,Bleak
got,GOT
全都,all
有關,related
老爸,Dad
城,city
在家,at home
還記,Remember
酒,liquor
受傷,Injuried
分,Minute
當我,When I
矹,Bleak
曾經,once
唱,Sing
往,Past
電視,television
弟弟,younger brother
聰明,clever
下次,next time
手機,cell phone
星期,Week
記錄,Record
砍,cut
金,gold
差不多,almost
ひ,Bleak
提供,supply
精神,Spirit
將會,will
会,meeting
衡,Balance
願意,willing
監獄,prison
開門,Open the door
爆炸,explode
接下,Follow up
居然,Actually
窾,hollow
中心,center
正是,Exactly
真相,the truth
交給,Give to
拒絕,reject
可不是,Not
畍,Bleak
每次,every time
他们,them
一份,One
遊戲,game
受,by
の,No
見面,Meet
受到,Suffer
ㄈ,Bleak
能力,ability
毕,complete
打給,Give
動,verb: move
嘴,mouth
本來,originally
想像,imagine
別動,do not move
糟,Bad
還活,Alive
包,Bag
通知,Notice
可憐,Pitiful
令人,Exciting
既然,now that
利用,use
敵人,enemy
屁股,butt
首先,first
事件,event
十分,very
瞴,Bleak
囉,Cricket
綁,tie
家伙,Guy
算,Calculate
腹,belly
另外,in addition
里面,in
睲,Bleak
一个,One
現場,on site
很大,Great
好吃,good to eat
再來,Come again
複,complex
霉,mold
忘記,forget
教授,professor
影響,influences
組織,organize
嚴重,serious
值得,worth
美元,Dollar
c,C
聯,Linked
第二,second
路上,On the road
按,according to
律師,lawyer
不如,Not as good as
ガ,Bleak
愿意,willing
剩下,remain
安,install
禮物,Gift
幸福,happiness
看上去,Look
躲,hide
一名,One
法律,law
遺憾,Pity
哪個,Which one
最大,maximum
幹嘛,what
腿,leg
well,Well
生意,Business
想起,Remember
狝,Bleak
生氣,angry
傻,Silly
钉,nail
不覺,Unknowingly
好多,many
see,SEE
救命,Help
舒服,Comfortable
實話,truth
關系,relation
差,Difference
警官,police officer
羘,Bleak
意外,Accident
靡,extravagant
ve,VE
洛,Macaron
き,Bleak
ī,over
老大,Boss
樓,building
緊張,nervous
戴,wore
跳舞,Dance
正確,correct
笨蛋,Fool
ъ,bleak
棒,Great
搭,take
呼吸,breathe
組,Group
信息,information
行為,Behavior
want,want
黑体,Black body
再次,again
車,car
宇宙,universe
同時,at the same time
日本,Japan
合作,Cooperation
上次,Last time
賭,bet
琍,Stun
出發,Set off
玩意,Gesture
镑,pound
一般,generally
感受,Feel
訓練,train
驹,Foal
竟,actually
這就,This
交易,trade
答案,Answer
一步,step
酒吧,bar
不夠,not enough
新聞,news
不在乎,not give a damn about
答應,promise
緊,tight
who,who
別說,Don't say
阿,San
關心,care
笷,Bleak
氨,ammonia
は,Bleak
端,end
鐘,bell
查理,Charlie
丹尼,Danny
摸,touch
立刻,immediately
自殺,suicide
his,his
牠,it
之一,one
威脅,threaten
ぺ,Bleak
ユ,Bleak
幾乎,almost
學習,study
扔,Throw
飛,fly
于,At
莱赣,Lai Gan
て,Bleak
懷疑,Suspect
目的,Purpose
黑體,Black body
機,machine
尋找,Look for
還會,Still
字,Character
副,vice
客氣,polite
简体,Simplified
喝酒,drink wine
did,DID
求求,please
一段,Section
佈,cloth
等待,wait
神,god
伙計,Gang
禲,Bleak
做出,Make
動物,animal
實際,actual
怎么回事,what happened
算了,never mind
皊,Bleak
一會兒,For a while
time,time
享受,enjoy
揪,Hold
失敗,fail
an,an AN
真實,reality
一家,Family
德,Virtue
適合,Suitable for
比如,for example
張,open
ル,ル
think,Think
加,add
人家,Family
號碼,Number
歷史,history
你媽,Your mother
男,male
變,Change
客人,guest
毙,shoot
垛,pile
仍,still
活,live
痙,spasm
谅,Forgive
恭喜,Congratulations
借,borrow
方向,direction
人民,people
一旦,once
let,let
士兵,Soldier
竟然,it turns out
好人,Good person
美好,good
接近,near
經過,go through
趁,take advantage of
顯然,Obviously
幸運,Lucky
喬治,George
躺,lie
大學,the University
血,Blood
仍然,still
安娜,Anna
沒法,Unable to
孽,evil
年前,A few years ago
討論,discuss
那時,Then
警告,warn
治療,treat
喬,Churnt
when,when
沒用,Useless
活著,Alive
一生,lifetime
應,answer
反,opposite
晚餐,dinner
其,That
贾,Shot
us,USS
欠,owe
女朋友,girlfriend
還以,Also to
莱,Landslide
失,lose
雞,chicken
一邊,One side
犯罪,crime
酚,phenol
臔,Bleak
哎,Hey
would,wood
同樣,same
軍隊,army
家族,family
good,good
ヘ,Bleak
搬,move
藏,Tibetan
美麗,beauty
ず,Bleak
婊子,Bitch
味道,smell
方面,aspect
our,OUR
婚禮,wedding
文件,document
戳,stamp
γ,γ
黑暗,dark
撞,Collide
卡,Card
笲,osier basket of brides
拯救,save
及,and
只會,Only
反應,reaction
ok,OK
指,refer to
活動,Activity
電腦,computer
部分,part
記憶,memory
敢,dare
恐怕,I am afraid
黑,black
資料,material
隨時,at any time
不該,Not
穌,Saga
我媽,my mother
給他,give him
遲到,be late
帶來,bring
没有,No
癳,Bleak
建議,Suggest
why,why
早上好,Good morning
趕快,hurry up
晚,Night
允許,allow
多謝,Thank you
有用,it works
如,like
where,where
自然,nature
彼得,Peter
出生,born
算是,Be regarded as
綜藝,Variety show
現,now
關于,about
趕緊,Hurry up
狀況,situation
不得不,have to
公主,Princess
酒店,hotel
社會,society
ゅ,Bleak
愛的,Love
靈魂,soul
確認,confirm
上車,boarding
殿下,His Highness
並且,and
因,because
э,bleak
記者,reporter
哥們,Buddy
一遍,Over
空,
对,right
造成,cause
上班,work
冷,cold
à,à
蛋,Egg
麵,noodle
一杯,A cup
筽,Bleak
學生,student
醚,ether
矗,Stall
份,share
放心,rest assured
惡,evil
them,them
兵,Soldier
环,ring
據,according to
根據,according to
警方,police
難以,difficult
說話,say
特,special
校對,Proofed
前面,Front
or,ordered
一塊,piece
員,member
找個,Find a
假,Fake
est,eSt
湯姆,Tom
某,certain
可惜,pity
鳥,bird
一半,half
意味著,mean
究竟,after all
安靜,Quiet
你別,Don't
奶奶,grandmother
拿走,Take away
一張,One
屍體,Corpse
還給,Return
者,By
趕,Rush
下午,afternoon
這也,It also
作,do
包括,include
ms,MS
失望,disappointment
back,back
病,sick
不敢相信,unbelievable
差點,Almost
亨利,Henry
瘋子,madman
介紹,introduce
超,overtake
埃,Egypt
謊,lie
斯特,Scoring
gonna,Gonna
惹,provoke
課,class
逮捕,arrest
让,Let
尼克,Nick
垃圾,Rubbish
顿,pause
俱,all
走開,Go away
班,class
恐怖,fear
我馬上,I'm right
籔,Bleak
聲,Voice
勁,strength
越來,Increasing
レ,Bleak
臭,Smelly
恢,Recover
怎,How
愉快,joy
眎,Bleak
這場,This game
表現,Performance
斗,fight
英國,U.K.
教堂,church
詞,word
盯,stare
公寓,apartment
were,wee
厨,kitchen
一句,One sentence
new,new
子,son
做過,Do
非称,Be non -name
不少,Many
不准,Be unbounded
充滿,full
麥克,Microphone
巴黎,Paris
經歷,experience
短,short
主人,Owner
奧,Oh
破壞,destroy
公平,fair
關於,about
收拾,tidy
獲得,get
地獄,hell
by,by
大衛,David
瓆,Bleak
going,going
糶,Bleak
okay,okay
爲,for
啤酒,beer
一把,One
節目,programme
死去,Die
創造,create
还,return
為止,until
上床,Go to bed
以后,after
穿著,Wearing
同一,same
好看,nice
感情,emotion
幾,Several
快來,Coming
和平,Peace
表示,express
耻,shame
辛苦,Hard
fnsimhei,fnsimhei
做好,Do well
jhenghei,jhenghei
靠近,near
睼,Bleak
好極,excellent
ま,Bleak
沒見過,never seen it
就行了,It's okay
這一點,at this point
浪費,waste
愚蠢,madness
高興見,Be happy
阑,Lapse
私人,private
been,ben
退,retreat
足夠,enough
腞,Bleak
健康,healthy
愛情,love
很漂亮,very beautiful
竊,steal
當你,You
de,de
早安,Good morning
通常,usually
以來,since
盉,Bleak
並,and
不應,Not
多年,for many years
一會,a while
風,wind
单单,only
急,urgent
好玩,Fun
堵,Blocking
火車,train
心情,Feeling
不介意,do not mind
а,bleak
法官,Judge
讀,read
璣,Sanctuary
運,transport
幾天,Several days
這點,this point
有意思,interesting
令,make
冠,crown
提醒,remind
黑人,Black person
大哥,Big brother
吻,kiss
then,then
キ,Bleak
j,J
儘,Fully
探員,Agent
時刻,time
氣,gas
秒,second
デ,Bleak
命,Life
電話給,Call
生,pregnancy
look,look
κ,bleak
前進,go ahead
比利,Belgian
紆,Bleak
パ,Bleak
兇手,murderer
作品,work
怪物,monster
恐懼,fear
隊長,team leader
生物,biology
could,could
虫,insect
洱洱,Paperous
超級,super
這不,This is not
神父,Priest
某個,One
從來,Never
我什麼,Me
彼此,each other
壓力,pressure
頭,head
襲擊,Attack
對方,other side
難過,sad
胊,Bleak
意識,consciousness
許是,Atmosphere
man,man
接著,then
心理,psychology
撒謊,lie
絬,Bleak
不敢,Dare not
男朋友,Boy friend
王子,prince
旅行,travel
大麻,marijuana
這對,This pair
蠢,stupid
莎拉,Sarah
一小,one small
現實,Reality
好事,Good deed
福,blessing
速度,speed
不幸,Unlucky
錯過,miss
紇,knot
非,No
簍,Basket
獽,Bleak
尊重,respect
承認,admit
認,recognize
病人,patient
量,quantity
將,Will
史,history
人來,People
少,few
森林,forest
给,Give
手術,Operation
重,Heavy
近,close
take,take
似的,Like
旁邊,beside
炸彈,bomb
祈禱,pray
had,HAD
選,select
手上,Hand
高中,high school
ㄏ,Bleak
魔法,magic
膥,Bleak
條件,condition
順利,smoothly
腦袋,Head
狶,Bleak
不算,Not count
need,beed
線,Wire
你家,your home
把手,handle
超過,Exceed
ы,bleak
有意,Intentionally
踞,squat
我得,I have to
有時,sometimes
店,shop
客戶,client
要給,Give
上校,Colonel
自我,self
杰克,Jack
名,name
傻瓜,fool
誠,Sincere
人員,personnel
你還,you still
牧,Shepherd
送到,Send to
証,certificate
聯邦,federal
唉,Ugh
背,back
吉米,Mimic
最終,finally
其它,other
經常,often
維,dimension
down,downn
疼,pain
球,ball
女王,Queen
胡說,nonsense
羛,Bleak
期待,expect
這才,This talent
狀態,state
偉大,great
眏,Bleak
肉,Meat
船長,captain
刀,Knife
設計,design
提,carry
這條,This
詹姆斯,James
責任,responsibility
我應,I should
服務,Serve
舊,old
浩,Vast
之中,In
一分,one cent
請求,ask
蝴,butterfly
甊,Bleak
yes,yes
許多,many
硈,Bleak
學,study
泊,Berth
这个,this
咬,bite
聽過,Hear
在乎,care
搞砸,Meson
還想,Still want
他現,He
哈利,Harry
毒品,poison
對付,Deal
信號,Signal
我該,I should
繰,Bleak
情報,intelligence
老公,husband
犧牲,sacrifice
荷,Load
some,some
ッ,
tell,tell
way,way
繧,Bleak
正好,Exactly
抽,smoke
架,shelf
禦,Imperial
權利,right
全世界,worldwide
ダ,Bleak
抱,hug
沉,Sink
法國,France
級,class
蕩,swing
髒,dirty
實在,really
不斷,Constant
ゎ,Bleak
同性,homosexual
天堂,Heaven
以為,Think
really,really
ui,UI
hey,hey
四,Four
荡,swing
付出,pay
布,cloth
辽,Liaoning
邁克,Mike
弗蘭克,Frank
床上,Bed
爺爺,grandfather
穨,Bleak
基地,base
碍,hinder
停車,parking
踢,Kick
诡,sly
手下,Subordinate
正式,formal
醒,Awake
相當,quite
謀,seek
甜心,sweetheart
獹,Bleak
還不,Not
驕傲,pride
爬,climb
巨大,huge
留,Keep
造,make
叫做,Call
う,Bleak
測試,test
哥,elder brother
驚,shock
執行,implement
一群,group
蛋糕,cake
床,bed
報,Report
聽起,Hear
糒,Bleak
無關,Have nothing to do with
秖,Heal
犯,Criminal
命運,destiny
more,more
動作,action
を,Bleak
酵,yeast
杆,Pole
拿出,Take out
has,has
感激,gratitude
去世,Die
一開始,At the beginning
好久,For a long time
找出,Find out
汽車,car
演出,show
地上,On the ground
請問,Excuse me
太陽,sun
女性,female
ゼ,Bleak
瑪麗,Mary
噓,Boo
問問,Ask
婚姻,marriage
印度,India
沒關系,It's ok
と,Bleak
地址,address
可惡,hateful
尤其,especially
o,O
世上,In the world
安妮,Annie
看不到,can not see
監視,Monitor
叭,Babble
取消,Cancel
性感,Sexy
腀,Bleak
習慣,Habit
一部分,Part
禣,Bleak
菜,vegetable
那好,Well
盡力,Do their best
不停,Constantly
我問,I asked
痜,Bleak
一只,One
集,set
魔,magic
關鍵,The essential
輕人,Light
殺手,Killer
猵,Bleak
逃跑,Run away
同學,classmate
背叛,betray
件,Part
說明,illustrate
將軍,General
想念,miss
角色,Role
la,la
say,say
癥,disease
喲,Yo
亞,Sub -
现在,Now
生存,Survive
禬,Bleak
隨,Follow
運動,sports
something,something
時間軸,Timeline
聯系,connect
就會,Will
蓋,cover
盞,Cup
回頭,Turn around
技術,technology
女生,girl
保羅,Paul
法庭,court
帽子,hat
我將,I shall
倫敦,London
機場,Airport
中國,China
報警,Call the police
地點,Place
館,Museum
這份,This
天才,genius
碿,Bleak
唔,Well
老實,honest
土地,land
逗,tease
那位,That person
別管,Unspoken
暫時,temporary
regular,regular
照,According to
頂,top
ē,ē
勇敢,brave
歸,Return
時代,era
今年,This year
游戲,game
匡,Kuang
痁,malarial
侈,extravagant
吵,Quarrel
愛上,Fall in love
禫,Bleak
愛我,Love me
緊急,urgent
玱,Bleak
基,base
累,tired
候,Wait
人物,figure
仔細,carefulness
啟動,start up
某種,Certain
演員,actor
聯絡,connection
畢業,graduate
夥計們,guys
更加,more
各種,Various
雷,thunder
毛,hair
職業,Profession
懷孕,Pregnant
所知,Know
一輩子,lifetime
猧,Bleak
真是太,It's so too much
介意,mind
珿,Bleak
警長,Sheriff
價值,value
過得,Overwhelming
繦,Bleak
提出,propose
fndidactic,FNDIDACTIC
思考,think
大多,most
星球,Planet
喝一杯,have a drink
自從,since
主要,main
瑿,Bleak
麥,wheat
好消息,good news
能給,Be able to
憑,Rely on
度,Spend
騙子,fraud
互相,each other
嫁給,Marry
吉姆,Jim
je,je
竧,Bleak
提到,Mention
fnyouyuan,fnyouyuan
不定,indefinite
打個,Be
痛,pain
這都,All of this
搂,hug
樹,Tree
政治,politics
天使,Angel
弟,younger brother
钮帝,Niu Di
講話,Speaking
輸,lose
何不,Not
保險,Insurance
猔,Bleak
顯示,show
同,same
規則,rule
管理,manage
而言,For
didn,DIDN
丟了,lost
三年,Three years
我無法,I can not
訴過,Complaint
經驗,experience
铬,chromium
協議,protocol
戰鬥,fighting
什麼樣,What
唱歌,Sing
没,No
卡爾,Car
普通,ordinary
sb,SB
第三,third
que,QUE
能量,energy
至,to
love,love
線索,clue
白人,White
這會,this will
興趣,interest
發射,emission
你们,you
格,grid
道理,reason
一輛,One
噁,evil
傳,pass
刮,shave
重點,Focus on
四個,Four
手指,finger
船上,On the ship
耍,Play
好不好,OK
醒醒,Wake up
如今,now
贏得,win
十年,ten years
太多,too much
還得,Still
洗,wash
撐,support
h,H
假裝,pretend
陳,List
試著,Try
幹得,Work hard
試圖,attempt
時光,Time
距離,distance
never,never
た,Bleak
冒險,adventure
歌,Song
墓,tomb
天吶,Hey
心臟,heart
之類,such as
戀,love
代價,cost
计,count
竜,Bleak
綼,Bleak
乾杯,cheers
這張,This
make,make
查,check
ゞ,Bleak
有所,Some
同志,Gay
翅,wing
瞧瞧,Look at
珇,Bleak
寄,send
何,what
不來,Not coming
絏,Bleak
ミ,Bleak
再給,Give
滿,Full
了不起,amazing
兩次,twice
天氣,weather
等到,wait until
跌,fall
餐廳,Dining room
可愛的,Lovely
意見,Opinion
旅館,hostel
早餐,breakfast
關閉,closure
想過,Think about
我為,I am
接到,Receive
神秘,mystery
周圍,around
碰到,bump into
離婚,divorce
廁所,bathroom
獀,autumn hunting
癠,Bleak
娶,Marry
整天,All day
移動,move
比較,Compare
驚喜,surprise
拜拜,Bye-Bye
拉斯,Las
去年,last year
烦,bother
闽玒,Fujian 玒
不怕,Not afraid
去過,Go
主,host
発,Bleak
規矩,rule
这样,so
發展,develop
太空,Space
fndfkaisho,FNDFKAISHO
但現,But now
爵士,Jazz
锣,gong
西,West
幢,Building
冷靜點,calm down
后面,Behind
元,Yuan
兩位,Two
滾開,Go away
瘆,Bleak
only,only
趴下,Lying down
火,fire
部隊,force
脫,Take off
逃,escape
做事,work
檔,files
盡快,ASAP
茶,Tea
籖,Bleak
修,build
甮,Bleak
報紙,newspaper
圖,picture
分享,share
一人,one person
很難,Difficult
破,break
環境,surroundings
果然,really
他人,others
や,Bleak
同事,colleague
癶,Bleak
ю,bleak
明明,Clearly
勝利,victory
瑈,Bleak
想象,Imagine
戒指,ring
λ,λ
站住,stop
不許,Not allowed
他來,he comes
交流,comminicate
頓,pause
分手,separate
空間,space
前往,Go
車子,Car
大部分,most
畉,Bleak
權力,that power
淮,Huai
嘗試,try
α,α
談話,conversation
せ,Bleak
無所謂,Indifferent
終于,finally
海,ocean
外,outside
美國人,American
箉,Bleak
猳,Bleak
感興趣,interested
這有,Here is
樂,happy
カ,Bleak
最高,Highest
too,TOO
life,life
篊,Bleak
一片,one slice
信仰,Belief
朝,towards
话,talk
申請,Application
秸,Straw
贰,two
特殊,special
專家,expert
σ,σ
肚子,abdomen
然而,However
病毒,Virus
下車,get off
有過,Had
过,Pass
后期,Later
廚房,kitchen
多麼,how
over,over
硑,Bleak
置信,Confidence
英里,mile
这里,here
な,な prnaries
做些,Do more
墨西哥,Mexico
捣,Pound
美女,Beauty
總有,always
引起,cause
即,which is
礹,Bleak
邀,invite
一百,one hundred
要死,To death
放手,Let go
稍,a little
罪犯,criminal
摧毀,destroy
北,north
讚,awesome
着,Be
ψ,bleak
懲罰,punish
會議,Meeting
建立,Establish
皘,Bleak
加上,Add
氮,nitrogen
耶穌,Jesus
受不了,Unbearable
確保,make sure
死定了,Dead
れ,Bleak
窗戶,window
內心,heart
思議,Thinking
困難,difficulty
五分,Five points
送給,Give
無聊,boring
呼叫,call
顏色,color
妳是,You are
意大利,Italy
小鬼,Ghost
尼斯,Nice
興奮,excited
一堆,pile
扯,pull
明星,star
夜晚,night
神奇,magic
專業,specialized
帶著,Carry
共同,common
密碼,password
刺激,Stimulate
教練,coach
伊,Irald
變化,Variety
罺,Bleak
表情,expression
公園,garden
猶太人,Jewish
無辜,innocent
給我們,Give us
聖,Holy
繺,Bleak
簈,Bleak
假如,if
義,righteous
快去,Go
家里,Family
喝點,Drink
受害者,victim
成員,member
五,five
禁止,prohibit
警探,Warning
過程,process
不肯,Not willing
徹底,thorough
俱樂部,club
チ,Bleak
的頭,s head
山姆,Sam
團隊,team
挑戰,challenge
黨,party
炒,saute
午餐,Lunch
瑀,Bleak
pas,Pas
上尉,Captain
妳在,You're
意義,significance
我爸,My Father
老鼠,mouse
桌子,table
燈,lamp
願,willing
精彩,Wonderful
簘,Bleak
吸引,absorb
揍,beat
蕾,bud
集中,concentrated
區,Area
所謂,So -called
n,N
閉上,Close
魔鬼,devil
分開,separate
紅色,red
打敗,defeat
有空,available
褲子,Pants
鬧,Make trouble
妮,Niger
空氣,Air
何時,when
腦子,Brain
報導,Report
石頭,Stone
威廉,William
德國,Germany
眶,Orbish
我本來,I originally
м,bleak
妓女,prostitute
依然,still
連,even
一口,Take a bite
聊,chat
榮幸,pleasure
罵,scold
折磨,Torture
動手,Handle
方便,convenient
弗,Ecstasy
實驗室,laboratory
兩天,Two days
進展,progress
个,indivual
故意,deliberately
一周,A week
剩,Leftover
阶,Grade
暴力,Violence
商業,Business
穿過,Pass through
参,Ginseng
中間,middle
救救,Rescue
特工,Agent
科學,science
左右,about
好奇,curious
roman,roman
e,E
脖子,neck
臸,Bleak
萬一,just in case
拋棄,abandon
一支,One
哼,Humph
參,Ginseng
看法,view
藝術,Art
這段,This paragraph
娥,Worship
看出,see
耞,flail
听,listen
擋,block
收,receive
祘,Bleak
into,into
某些,some
虏,prisoner
來源,source
兩年,Two years
在意,care
巧克力,chocolate
because,beCAUSE
off,OFF
留言,message
am,AM
弘,Glowing
行李,luggage
估計,estimate
都行,Be able to
完畢,complete
既,now that
太久,Too long
驚訝,surprise
西班牙,Spain
實現,accomplish
little,Little
狹,narrow
指揮,command
程序,program
芥,mustard
用力,Force
地圖,map
盡量,As much as possible
煩,bother
老人,elder
纒,Bleak
勇氣,courage
分析,analyze
全是,all
試過,Trial
關,close
耳朵,ear
騎,ride
運氣,luck
出口,Export
一部,One
纯,pure
扒,Pick up
受夠,Enough
戰士,warrior
风,wind
people,people
y,Y
吐,threw up
緗,Bleak
看吧,Look at
滿意,satisfy
忍受,Bear
三天,Three days
じ,Bleak
我永遠,I forever
sorry,sorry
洛杉磯,Los Angeles
談過,Talked about
小伙子,Guy
然後我,Then I
歐洲,Europe
炊,Cooking
露西,Luci
心中,Heart
甧,Bleak
箱子,box
大約,About
ь,bleak
ホ,Bleak
清理,Clean up
游泳,swim
罪,crime
局,Bureau
贏了,Won
粂,Bleak
警局,Police station
做點,Do some
我告,I am sued
fntimes,fntimes
實驗,experiment
您好,Hello
聊聊,Talk
變態,abnormal
藥,medicine
李,plum
傳統,Tradition
奇跡,Miracle
我用,I use
ゝ,Bleak
檔案,file
一顆,One
做個,Make a
艾,Aegish
世紀,century
天空,Sky
mean,mean
晚飯,dinner
投票,vote
這話,This
窱,Bleak
我親,My dear
展示,exhibit
鼻子,nose
these,These
ㄨ,ㄨ
砃,Bleak
立即,immediately
劍,sword
降落,landing
六,six
廢話,nonsense
全,Complete
烩,braise
語,language
情人,lover
一本,One
unicode,unicode
fnarial,fnarial
規定,Regulation
爱,Love
車上,On the car
吸血鬼,vampire
惩,Punish
清醒,wide awake
即將,Will
數字,number
上學,go to school
撿,Pick up
一點點,A little bit
低,Low
就給,Give
their,their
地區,area
than,THAN
光,Light
子彈,bullet
并且,and
絤,Bleak
踌,hesitate
艾迪,Eddie
夏天,summer
一面,one side
煙,cigarette
悲傷,sad
他給,He gave
磅,lb
優秀,excellent
生病,Get ill
阿姨,Aunt
邪,evil
tu,TU
鄉,Township
uh,UH
痴,Be infatuated
塔克,Tucker
街上,On the street
邀請,invite
礶,Bleak
數據,data
砫,Bleak
談論,talk
真心,sincere
擺,put
六個,Six
find,find
大使,ambassador
內容,content
絲,Silk
還說,Also say
巨人,giant
打過,Play
大量,Large amount
型,type
還不錯,not bad
一間,one
不吃,Not eat
媒體,media
王八蛋,Son of a bitch
打來,Fight
來過,came
程度,degree
滿足,Satisfy
卡特,Carter
教會,church
引擎,engine
反對,be opposed to
should,should
day,day
免費,free
鄰居,Neighbor
鞋子,shoe
放到,Put
回憶,Memories
憤怒,anger
進攻,attack
小女孩,little girl
龍,dragon
傷心,sad
原本,original
交往,Exchanges
艶,Bleak
總會,Always
印象,impression
的車,Car
睹,see
刺,prick
克拉克,Clark
很長,very long
矫,Correction
羪,Bleak
沒見,Not see
嬰兒,baby
very,very
嚎,howl
刚,Just
even,Even
殺害,kill
屋子,room
乖乖,Obedient
案件,case
快要,Be about to
放松,Relax
理論,theory
擅長,Be good at
艾倫,Allen
不住,Unbearable
此事,This matter
按照,according to
竡,Bleak
比爾,Bill
海洋,ocean
メ,Bleak
害死,Kill
肚,tripe
诧,surprised
飛行,flight
k,K
將來,future
共和,Republic
半,Half
猌,Bleak
學會,learn
掌握,master
損失,loss
位,Position
癚,Bleak
全力,Fully
不止,more than
的確,indeed
面對,face
聖誕,Christmas
便宜,Cheap
蛇,snake
華盛頓,Washington
掃,sweep
年代,Era
東,East
舞會,prom
玩具,Toy
老板,boss
我並,Me
打死,Kill
打架,fight
斷,Break
沧,Rigidity
ヰ,Bleak
億,100 million
會給,Give
不太好,not too good
作家,writer
跋,Post
設備,equipment
浪漫,romantic
威爾,Prestigious
真棒,Awesome
不得,Be unable to
璚,Bleak
洞,Hole
奴隸,slave
某人,Someone
幾年,several years
接觸,touch
練習,practise
狗屎,Shit
熟悉,familiar
竚,Stand
fnstzhongsong,fnstzhongsong
儀式,ceremony
sir,sir
准備,Prepare
醬,Sauce
一套,set
罙,Bleak
男子,man
叉,cross
拖,drag
手段,means
煮,cook
said,SAID
起床,get up
瞦,Bleak
納,Accept
牆,wall
輪,wheel
克里斯,Chris
芠,Bleak
點兒,Point
態度,manner
nothing,nothing
簎,Bleak
黑色,black
情緒,mood
強大,powerful
性,sex
哎呀,oops
幫幫,Gang
發出,issue
help,help
約會,Dating
相處,get along
遏,stop
two,TWO
ブ,Bleak
购,purchase
順便,By the way
裡的,inner
早點,Early
請進,Invite
畢竟,after all
當他,when he
觀眾,audience
身,body
作用,effect
隊伍,Team
臮,Bleak
五年,Five years
單,one
這座,This
失陪,Disappear
事業,cause
細節,detail
取得,Obtain
教育,educate
盋,Bleak
丟下,Leave
司機,driver
城堡,castle
冒,Take up
years,Years
信心,confidence
出事,Cause
ボ,Bleak
指揮官,commander
舦,Bleak
夹,folder
左,left
走路,walk
牛,Cattle
骸,skeleton
樂隊,band
打破,break in
承諾,promise
に,Bleak
め,Bleak
結,Knot
證人,witness
來點,Point
相同,same
歐,Europe
щ,bleak
安迪,Andy
認真,serious
辰,Dazzling
之外,Outside
give,give
搜索,search
藍色,blue
投降,surrender
玥,Sanctuary
辅,auxiliary
聊天,to chat with
不久,soon
大事,event
有效,efficient
審判,Trial
很少,rare
god,God
去死吧,go to hell
事故,ACCIDENT
這輩子,this life
廣告,advertise
計畫,plan
激動,Excited
人會,Meeting
ì,ì
能否,Can
竲,Bleak
開火,Fire
媚,Charming
大腦,brain
混亂,confusion
鐵,iron
聚會,reunion
伙計們,guys
不給,Not given
first,FIRST
称,say
不会,Won't
踩,Step on
甫,just
指控,Accusation
人人,Everyone
腇,Bleak
埋,Bury
恕,Forgive
山,Mountain
室,room
詛咒,curse
蒂,Heaven
膀,bladder
蘭,orchid
這人,This person
毀滅,destroy
絕不會,Never
師,division
縒,Bleak
尼,Niger
事物,thing
喝醉,Drunk
推,push
女孩子,Girl
佰,Beyond
莉,Wicked
戈,Scoist
禮拜,worship
琜,Bleak
傷口,Wound
呼,call
走出,Go out
弧杠,Arc
斑,spot
增加,Increase
這東西,This thing
香港,Hongkong
我兒子,my son
any,any
完蛋,Finish
貼,paste
away,away
感染,Infect
洗澡,bath
也好,Good
一聲,One sound
我媽媽,My mother
市場,market
留著,Keep
退出,quit
網絡,network
搜查,search
中央,central
陌生人,stranger
下一個,Next
fnfzhei,fnfzhei
出門,Go out
熊,Bear
瑞克,Rick
为什么,why
沒時間,No time to
狼,Wolf
一路,One way
瓜,melon
で,Bleak
doing,doing
退休,retire
一團,Cluster
謊言,lie
布朗,Brown
被捕,Arrest
法官大人,Your Honor
慌,Panic
男生,Boy
please,Please
法,Law
師父,Master
イ,
穩定,Stablize
喊,call
胔,Bleak
已经,already
一座,One by one
谁,Who
vous,vous
不僅,not only
合法,legitimate
喜,happiness
大師,Grandmaster
芝加哥,Chicago
提起,Lift
那晚,That night
大樓,Building
真不錯,really not bad
微笑,Smile
ケ,Bleak
小孩子,child
農場,farm
承受,bear
國際,internationality
活下去,Survive
布萊恩,Blaine
外套,coat
much,much
支援,support
still,still
湯米,Tidal
before,before
珃,Bleak
家裡,Family
諾,promise
渴望,eager
un,UN
萬歲,Long live
王,king
挖,dig
敖,Villain
孤獨,Lonely
滇,Yunnan
姐妹,sisters
产,Produce
左邊,left
慶祝,celebrate
女友,Girlfriend
賽,Race
瑍,Bleak
稍微,a little
砸,Smash
从,from
正如,Just like
反抗,Resist
抱怨,complain
萊,Landslide
光臨,Visit
形成,form
椅子,Chair
皇后,Queen
明,Bright
付,pay
这是,This is
正要,Take the right
le,LE
兩人,Two
直升,Rise
一根,One
沒人會,No one will
籐,rattan
卡拉,Kara
不信,Do not believe
卡車,truck
做什麼,doing what
不論,whether
今,this
持續,continued
john,john
波特,Potter
文化,culture
甉,Bleak
名單,List
會有,There
墻,wall
sans,sans
聽見,hear
誤會,Misunderstand
混,mix
單身,single
還真,Really
我過,I
懂得,know
工程,project
白色,White
传,pass
留給,Leave
騎士,knight
尊敬,Respect
一刻,A moment
耙,rake
保安,security guard
в,bleak
愛你,Love you
幻想,fantasy
總部,Headquarters
thing,thing
巨,huge
鮑勃,Bob
沙漠,desert
堅強,strong
舉起,lift
單獨,alone
額,Forehead
凱特,Kate
情感,emotion
є,bleak
fbi,FBI
只不過,only
基本,Basic
砞,Bleak
屁,fart
地下,underground
這還,This
時機,opportunity
英語,English
這樣子,in this way
吃點,Eat
咯,Be
荐,recommend
修好,Repair
栏,column
好運,good luck
中尉,Lieutenant
報道,Report
拿下,Win down
經濟,economy
珍妮,Jenny
州,State
思想,Thought
克拉,carat
琘,Bleak
world,worldd
遠離,keep away
伐,Cut off
凈,net
砯,Bleak
因为,because
避免,avoid
耐心,patience
獨自,alone
真高興,so happy
非洲,Africa
神經,nerve
迷人,charming
剪,Cut
幾次,several times
瞏,lonely
性命,life
教訓,lesson
知不知道,do you know
門,Door
血液,blood
從現,From now on
泰勒,Taylor
保重,Take care of yourself
thank,that
著名,Famous
流血,bleed
國,country
委員會,Committee
烤,bake
眼鏡,Glasses
片名,Title
別開,Don't open
巴,-bar
每年,Per year
陷入,Fall into
觀察,Observed
鞋,shoe
other,Other
ど,Bleak
口袋,pocket
那會,Then
許會,Promise
擺脫,get rid of
關掉,Turn off
語言,language
指望,Hope
英尺,foot
區域,area
last,last
抖,shake
屎,shit
卡斯,Kas
重大,major
帝國,empire
當地,local
裙子,skirt
浪,wave
禜,Bleak
最新,up to date
洗手,handwashing
掩護,cover
沮,Be frustrated
出色,outstanding
最佳,optimal
真想,Really want
關注,focus on
ё,bleak
學家,Scholar
當我們,when we
假設,Assume
佬,guy
年紀,age
嚇到,Scare
確,Be sure
吵架,quarrel
或常,Maybe
整理,tidy
現金,cash
犯人,Prisoner
並沒有,not at all
賤,cheap
仇,hatred
邁克爾,Michael
尖叫,Scream
棒球,baseball
乾,Dry
給了,Give
雜,miscellaneous
一大,One big
亞歷,Alex
こ,Bleak
這下,Now
小組,group
效果,Effect
米奇,Mickey
美妙,wonderful
寬,width
瞎,blind
ざ,Bleak
か,Bleak
沒能,could not
凱文,Kaiwen
乖,good
笿,Bleak
過了,pass
keep,keep
偷走,Steal
關門,close the door
提議,proposal
所在,Where
法蘭克,Frank
癵,Bleak
臩,Bleak
用來,Use
不成,Not
撤退,retreat
工廠,factory
加州,California
隨著,along with
遠點,Further
漢,Chinese
服,Clothes
不喜歡,do not like
矮,short
貝,cowry
が,Bleak
挑,pick
問,ask
這讓,This allows
職責,Duty
多次,repeatedly
笴,Bleak
欺騙,cheat
公里,kilometer
琎,Bleak
指示,instruct
縀,Bleak
醫療,Medical treatment
考試,take an exam
這間,This room
甅,Bleak
宗教,religion
象,elephant
嫉妒,envy
眼前,In front of
哈里,Harry
那个,that
斯汀,Stein
尸體,Corpse
女子,woman
爹,father
少校,Junior college
long,long
真好,very nice
男友,Boyfriend
轉過,Turn
捨,Abandon
哈維,Harvean
玻璃,Glass
功夫,effort
工具,tool
簽名,sign
捲,roll
模特,model
塔,tower
坦白,frank
db,DB
並非,Not
print,print
褐,brown
娜,Unnamed
戰場,battlefield
砏,Bleak
奪,Seize
遲,Late
手臂,arm
home,home
放過,Let go
二十,twenty
畒,Bleak
天下,World
主教,bishop
眼神,Eyes
睦,Be in harmony
摩托,Motorcycle
打扮,dress up
璉,Nipple
條,strip
出租,rent
產生,produce
大街,Street
常常,Frequent
那次,That time
需,need
全球,worldwide
算了吧,forget it
起訴,Prosecution
下班,get off work
死者,deceased
菌,bacteria
裝置,Device
當初,At first
艦長,captain
這句,This sentence
糖,sugar
大海,Sea
抽煙,smokes
加斯,Gas
幾點,What time is it?
劫,Calamity
這太,This is too
畫,painting
我心,my heart
晾,air
擦,wipe
揩,wipe
很不錯,not bad
手中,In the hand
again,Again
哪來,Where to
一切都是,Everything
說法,statement
刁,carry
還不夠,not enough
硬,hard
有罪,guilty
fnsegoe,fnsegoe
項目,project
wait,waiit
路易,Louis
公開,public
旅,trip
經理,manager
得出,inferred
我本,My own
週末,weekend
put,put
描述,describe
幸會,Fortunately
旧,old
更糟,Worse
早晨,morning
非法,illegal
要么,Either
美金,US dollars
導致,lead to
我會給,I will give it to
的關,Level
打擊,Strike
多么,how
行星,planet
五個,Five
回家吧,go home
我絕,I am
兔子,rabbit
投資,invest
魁,Puzzle
泡,Bubble
作戰,Fight
當成,Treat
ㄣ,ㄣ ˉ
蝙蝠,bat
緄,sew
告诉,Tell
牛奶,milk
議員,Parliament
這兩個,These two
要麼,Either
不及,Be less than
發動,launch
小丑,clown
莎,Worship
那時候,At that time
回報,Return
к,bleak
角度,angle
地面,ground
乾淨,clean
オ,Bleak
慢點,Slower
會來,will come
不像,Not like
熱情,enthusiasm
届,Session
媽咪,Mum
商量,discuss
gbk,GBK
佔,Take up
箇,Bleak
星星,Star
你老,You are old
說些,A little
sure,subure
救護車,ambulance
危機,crisis
分子,molecular
炸,fry
銀,silver
这么,so
榮譽,honor
獨立,independent
牧師,Priest
袋子,bag
你永遠,You forever
皮,Skin
廳,hall
纔,talent
明顯,obvious
事兒,thing
它會,it will
拦,bar
這只,This
導演,director
害,Harmful
下個,next
翻,turn
一趟,One trip
慾,want
dna,DNA
妳有,You have
婚,marriage
內部,internal
毛病,Fault
科學家,the scientist
甩,Shake
郵件,mail
抄,copy
集團,group
硉,Bleak
別想,Don't think about
太過,Too much
night,night
射,shoot
遭到,Suffer
平常,usually
部落,tribe
期望,expect
x,X
饒,Spare
看好,Be optimistic
時期,period
第二次,the second time
舞,dance
those,this
最棒,Best
合適,Suitable
隊員,Player
羭,black ram
莫,Not
望,see
釋放,freed
地下室,basement
爸媽,Parents
fncomic,fncomic
菇,mushroom
美味,tasty
璝,Bleak
應付,Handle
殺人,kill
ň,bleak
說服,persuade
隱藏,hide
局長,Director
脄,Bleak
尷尬,Awkward
衛星,satellite
直,straight
格斯,Geus
跟上,Keep up
部門,department
好孩子,Good boy
竤,Bleak
every,every
消滅,wipe out
工人,Worker
整晚,All night
主演,Starring
愛人,spouse
成熟,Mature
牛仔,cowboy
情,Affection
し,し し
舱,cabin
發明,invention
風險,risk
這片,this piece
坦,Frank
全國,Nationwide
收集,collect
十二,twelve
时候,when
視頻,video
壹,one
房,house
勸,advise
陈沸,Boil
舉行,Hold
右,right
gb,GB
交換,exchange
琿,Bleak
駕駛,drive
協助,assist
古老,ancient
稼,Crop
ever,event
撤,withdraw
當心,Be careful
謝天,Gratitude
馋,greedy
開口,Open
遵守,obey
盒子,Box
各,each
窩,nest
謝地,Gratitude
fnfzzhengheis,fnfzzhengheis
不去,Not go
今日,today
盡管,although
絚,Bleak
藍,blue
敵,enemy
莉莉,Lily
酷,cool
peter,peter
七,seven
隱瞞,hide
籇,Bleak
欣賞,appreciate
stop,stop
相,Mutually
埃及,Egypt
三明治,sandwich
名叫,Name
艱難,difficult
賊,thief
威士忌,whisky
史蒂夫,Steve
璽,Seal
不明,unknown
話題,topic
must,must
外星人,alien
粿,Cricket
標準,standard
保密,Confidential
work,work
哈哈,Ha ha
招呼,call
演奏,Play
然後他,Then
確是,indeed
丹,Pour
咪,mum
鑒,Learn from
遇見,meet
一頓,One
或種,Species
適應,adapt
定,Certainly
結局,ending
雙手,Hands
明早,Tomorrow morning
保留,reserve
月亮,moon
四年,Four years
迷路,get lost
雜誌,Magazine
打斷,interrupt
兒童,child
杯,cup
道德,Morality
maybe,Maybe
为,for
制服,uniform
陷阱,trap
一整天,A whole day
別鬧,Don't make trouble
喬伊,Joey
年齡,age
奇,strange
不著,Not
許他,Make him
養,keep
瞅,look
新娘,bride
簿,book
總監,Chief
皮膚,skin
新鮮,Fresh
波士,Bost
片,piece
anything,Anything
閑,idle
く,Bleak
老朋友,Old friend
經死,Go through death
轉移,Transfer
有種,Have a species
很酷,Cool
艾米,Amy
追求,Pursue
偵探,detective
座位,seat
平安,Safety
畐,Bleak
道路,the way
辭職,Resign
改,change
她現,She
through,through
柏林,Berlin
同伴,companion
相關,Related
下手,Start
自行,On my own
獸,beast
told,told
薇,Wicked
ヾ,Bleak
mike,Mike
叛徒,traitor
如同,as
簙,Blog
間諜,spy
栋,Build
鬍,Hu
支票,Cheque
理想,ideal
不一樣,Different
入侵,Invade
心裡,Heart
面具,mask
蠢貨,idiot
短信,Short message
成長,growing up
天賦,talent
表明,show
陽光,Sunlight
狗屁,Shit
恐怖分子,terrorist
坐牢,Jail
看得出,Be able to see
種族,Race
摩斯,Mosaic
然後呢,and then
封信,Letter
f,F
路易斯,Louis
一千,one thousand
太晚,Too late
亞當,Adequid
擠,squeeze
提前,in advance
之下,under
everything,Everything
爭取,Strive for
看不出,Unrecognizable
上來,Come up
after,after
建造,put up
本人,Myself
敬,Respectfully
回應,Respond
履,shoe
抓緊,pay close attention
別緊,Don't tight
南方,south
利益,Benefit
智慧,wisdom
魅力,charm
消防,Firefighting
thought,thinkGHT
祝福,bless
肯,Be willing
保佑,bless
絕地,Jedi
这些,These
一項,One item
全身,whole body
星系,galaxy
成績,score
天生,Born
東京,Tokyo
黑鬼,nigger
笨,stupid
斌,Bunny
待會,Later
右邊,right
並不,Not
講,speak
蘋果,apple
眼看,Look at
癌,cancer
繻,Bleak
籜,Bleak
兜,pocket
賣給,Sell ​​to
地板,floor
talk,talk
戴夫,Diff
还有,and also
è,è
高度,high
剛好,just
佩,wear
利,profit
沒辦法,no way
纞,Bleak
call,call
沒來,not coming
基督,Christ
放進,Put in
下雨,rain
那就好,That's good
試,try
查出,find out
護士,Nurse
name,name
猴子,monkey
骋,Galloping
things,thinks
大聲,Loud
打仗,fight
今早,This morning
影片,Film
菲利普,Phillip
那條,That
戒,Abstinence
屋頂,roof
遵命,Abide by
維持,maintain
軍事,military
繩子,rope
海灘,beach
吃掉,Eat
喜欢,like
baby,baby
邻,adjacent
當中,among
逃避,escape
海岸,coastal
財產,property
玭,Bleak
place,play
疾病,disease
一架,One by one
千萬別,Not to
當作,As
p,P
帮,help
然後我們,then we
甶,Bleak
俄國,Russia
助理,assistant
想不到,Unexpectedly
ben,Ben
擁抱,Embrace
成就,Achievement
過的,Excessive
科技,Technology
圈,lock up
我建議,I recommend
調,Tune
中士,Chinese scholar
快速,fast
礟,Bleak
阿門,Amen
帽,cap
插,Insert
托尼,Tony
祅,Bleak
深,deep
會長,President
植物,plant
我答,I answer
空中,Air
致命,fatal
玻,glass
made,made
扮演,Play
微软,Microsoft
經有,Have
角落,corner
檢察官,Prosecutor
绊,trip
fuck,fuck
柏,Cypress
奧利,Aoili
文章,article
雅黑,Elegant black
隔壁,next door
領導,lead
注意力,attention
調查局,Survey bureau
我試,I try
解開,Unlock
知,Know
電子,electronic
僅僅,only
園,garden
票,ticket
穿越,Pass through
夜,night
座,seat
臟,dirty
只好,Had to
封鎖,blockade
商店,shop
期間,period
足球,football
西斯,Sissus
走廊,corridor
qu,QU
不動,Do not move
雜種,Hybrid
人質,hostage
喷,spray
演講,speech
坦克,tank
囚犯,prisoner
承,Inherit
which,white
判斷,judge
藝術家,artist
畄,Bleak
芬奇,Vinci
那件事,that matter
查爾斯,Charles
jack,jack
男性,male
冒犯,offend
監控,monitor
飛船,spaceship
飲料,drinks
公路,highway
機構,mechanism
社長,President
done,Done
或暗,Maybe
事要,Matter
老二,Second child
堡,Bastard
比起,Compare
咦,what
縷,thread
場,field
飽,full
好點,Better
修女,nun
愛他,love him
註,Note
至於,To
搞笑,funny
盧,Lu
返回,return
走運,Luck
太大,Too big
解雇,Dismiss
ー,ー
節,Festival
可能性,possibility
數,number
娘,mother
認出,make out
塞,Plug
這的,This
晚點,late
底下,under
寶,precious
穞,Bleak
走過,Pass through
高級,advanced
小小的,Small
薩,Salad
around,around
不準,Be unbounded
走走,Walk around
終於,finally
粇,Bleak
以防,Prevent
費,fee
觀點,View
一眼,At a glance
機密,confidential
沒人能,No one can
要不是,If not
毖,Bleak
要來,To come
贝,cowry
藥物,drug
雲,cloud
上場,Play
嘴巴,mouth
警察局,Police station
进,Enter
少女,Girl
does,does
唱片,record
地盤,Site
mr,Mr
小狗,puppy
集合,gather
玙,Bleak
通話,call
五十,Fifty
人才,Talent
會不會,Will it
親,Dear
取,Pick
預備,preparation
選手,Player
層,Floor
謀殺,murder
之處,Place
镍,nickel
演,play
伊斯,Ises
風格,style
聯盟,alliance
基金,fund
sam,SAM
強烈,strong
g,G
軍人,soldier
本事,ability
平靜,calm
綠色,green
指紋,fingerprint
很樂意,pleasure
錄音,recording
要問,To ask
腨,Bleak
迴,Return
better,better
老頭,Old man
對面,opposite
有何,What
穖,Bleak
主席,Chairman
乘客,passenger
上樓,Go upstairs
大不了,Big deal
落,fall
保姆,nanny
通訊,communication
宣布,Announce
眼,Eye
ґ,bleak
再過,Reappear
解除,Lift
這我,This me
本身,itself
配合,Cooperate
文明,civilization
向前,forward
問過,Asked
拍照,Photograph
民主,democracy
村,village
模式,model
確信,Be confident
earth,earth
布魯斯,Bruce
may,may
默,silent
選舉,election
一瓶,One bottle
網上,Online
続,Bleak
參議員,senator
砋,Bleak
燙,hot
咧,Pod
畫面,Picture
將要,will
符合,meets the
相反,on the contrary
夥伴,partner
always,always
部長,minister
此刻,now
一員,One member
警報,alarm
開除,Dismiss
林肯,Lincoln
dexter,deXter
っ,Bleak
很明顯,It is clear
不安,disturbed
伊莎貝爾,Isabel
en,EN
我當,I am
領袖,leader
帶上,Bring up
冬天,winter
可笑,ridiculous
周末,weekend
女巫,Witch
小偷,Thief
談判,negotiation
托馬斯,Thomas
你將,You will
干得,Work hard
古怪,eccentric
il,IL
自信,confidence
聖誕節,Christmas
忠,Loyalty
資格,qualifications
野獸,Beast
都給,Be given
傳說,legend
車裡,In the car
蛮,quite
火箭,Rocket
ǒ,osshao
ニ,Bleak
梅,plum
經營,Operate
雪,Snow
永不,Never
首歌,Song
姓,surname
餵,Hey
強尼,Qiangni
很久以前,"long, long ago"
自私,Selfish
з,bleak
一頭,One
欺負,Bully
競選,Campaign
一向,Always
棒極,great
莫斯科,Moscow
不妙,Not good
一陣子,for a while
她們,they
完整,whole
一號,Number one
人士,person
寶寶,Baby
三次,three times
伯爵,count
掌控,Control
這把,This
苦,bitter
還有別,Different
鯊魚,shark
開會,Meet
修理,repair
猠,Bleak
有權,Have power
有件事,Something
違反,violation
開著,Open
抵達,arrival
摔,fall
堕,fall
形容,describe
屬于,belong
出什麼,What
于是,then
俠,Chivalrous
問我,ask me
裕,Overwhelming
保,Save
善良,Kind
區別,the difference
不願,Unwilling
猜猜,Guess
玦,Bleak
找回,Recover
那為,That for
嘲笑,laugh at
好樣,nice one
罖,Bleak
伯特,Better
心靈,soul
小鎮,Town
崩,collapse
四處,around
報仇,revenge
筐,basket
忌,avoid
這項,this
肞,Bleak
嫌犯,Suspect
熬,boil
浴室,bathroom
法語,French
裝備,equipment
下場,End
牌,Card
璊,Bleak
暴露,Expose
冰,ice
表面,surface
俄羅斯,Russia
溃,Collapse
紀念,commemorate
貸款,loan
證實,Confirm
我操,Fuck
失控,out of control
出席,Attend
採訪,Interview
新來,New coming
就夠,Enough
殺案,Kill
戮,kill
旅程,journey
散步,walk
开始,start
大叔,Uncle
沒想,Not thinking
嫁,marry
射擊,shooting
企業,enterprise
患者,patient
中情局,Central Love Bureau
鏡頭,Lens
不是故意,Not on purpose
知識,Knowledge
史密斯,Smith
跟我走,Come with me
攫,grab
敲,knock
心跳,Heartbeat
溫柔,gentle
玫瑰,Rose
敏感,sensitive
火星,Mars
块,piece
不願意,Unwilling
舔,lick
貝絲,Beefly
基本上,basically
釘,nail
何要,How
te,TE
校長,headmaster
当,when
shit,shit
歌手,singer
瑞秋,Ruiqiu
澈,Clear
old,OLD
doesn,doesn
當年,then
未知,unknown
具體,specific
操作,operate
分離,Separate
眃,side room
幹活,Work
桌上,Table
漢娜,Hannah
í,í
安慰,comfort
太快,Too fast
蝗,locust
一致,Consistent
dad,DAD
入口,Entrance
瞄準,aim
雇,hire
哪位,Which one
飯店,restaurant
門口,Entrance
那輛,That car
懦夫,coward
支付,Pay
即便,even if
凱莉,Kelly
深呼吸,Deep breath
全體,Whole
做得好,well done
我怕,I'm afraid
絕望,despair
宣,Proclaim
電梯,elevator
羙,Bleak
這群,This group
阿拉,Allah
紅,red
公民,citizen
逮到,Arrest
冰淇淋,ice cream
曼,Man
leave,leave
波,Wave
攝,Take
國會,Parliament
顧客,customer
巴士,Bus
原則,in principle
一筆,One stroke
得了吧,Come on
自豪,pride
应该,should
甁,Bleak
廢物,waste
夫妻,couple
基因,Gene
劑,Dose
學院,College
合理,Reasonable
合,combine
爆,burst
白天,daytime
巴克,Barc
冰箱,refrigerator
公共,public
篴,flute
抓到,Catch
你問,You ask
個小時,Hours
下令,Order
谢谢,thanks
great,Great
u,U
皆,all
熟,Cooked
這可,This
天天,day by day
瑟夫,Thoroughly
雨,rain
大門,door
洛克,Locke
進步,progress
對于,for
誒,Eh
蘇,Sovereign
篈,Bleak
博物,Museum
快過,Pass
競爭,compete
頭發,hair
霍華德,Howard
法院,Court
肖恩,Sharne
油,Oil
北方,north
物理,physics
哪怕,Even
八,Eight
身為,Be
市民,Citizen
侮辱,insult
度假,Vacation
帶給,Give
一家人,family
耑,Bleak
趕到,Rush
罪行,offense
毫無,None
癟,deflated
kill,kill
交出,hand over
很小,Very small
won,win
寶貝兒,Baby
嚇壞,Scare
第一天,first day
同情,pity
抵抗,resistance
girl,girl
在場,Be present
合同,contract
什麼關,What
董事,director
般的,ish
聖經,Bible
主義者,Activists
縫,Sewing
繞,Go around
穐,Bleak
戰斗,fighting
要不然,otherwise
渤,Bo
碝,Bleak
hi,Hi
下降,decline
納粹,Nazi
人口,population
废,Abandon
緑,green
誠實,honest
遭遇,encounter
滴,drop
艾比,Aby
厭倦,Bored
幸好,fortunately
故障,Fault
投入,Invest
以上,above
打電話給,call
沃爾特,Walter
沒想過,have not thought
might,might
花園,garden
隧道,tunnel
胳膊,arm
午夜,midnight
被困,Be trapped
格林,Grid
人犯,Criminal
形象,Image
單位,unit
以外,outside
市長,mayor
死刑,death penalty
father,father
东西,thing
刚刚,just
薪水,salary
康,Be eliminated
不合,Disagreement
芙,Pavilion
自動,automatic
喝杯,Drink a cup
鎮上,Town
白痴,idiot
讀過,Read
頭腦,mind
伴,Accompany
罷了,Stop
氟,fluorine
我願意,I am willing
頭上,On the head
癸盾,Shield
覺,Sleep
上帝保佑,God bless
臫,Bleak
很久,long time
嗑,Spicit
證,certificate
爽,Cool
崩潰,collapse
有名,famous
吸,Suck
own,OWN
兇,fierce
翅膀,wing
鍾,bell
方案,Program
閃,flash
錢給,Money
對象,Object
注射,injection
逃出,Escape
打中,Hit
決心,determination
背景,background
将,Will
不爽,accurate
半小時,half an hour
呵呵,Ha ha
期,Expect
拜訪,visit
不關,Not
王后,queen
孤單,alone
全新,brand new
绑,tie
醉,drunk
統治,rule
册,book
癮,addiction
材料,Material
傻子,Fool
從頭,From the beginning
峨,Emit
起碼,at least
想問,Want to ask
強壯,strong
千萬,Tens of millions
害羞,shy
借過,Excuse me
臭小子,Stinky boy
樓梯,stairs
enough,enough
公爵,Duke
地位,status
愛德華,Edward
襯衫,shirt
毫不,Not
ご,Bleak
第二天,the next day
醫師,Physician
忘掉,forget
白宮,White House
顧問,consultant
賈,Shot
認得,Recognize
et,ET
卑鄙,mean
成人,aldult
祝賀,congratulate
警衛,Guardian
表達,Express
第五,fifth
社區,Community
big,big
探索,explore
我見過,I have seen
傣,Daemon
攪,stir
貴,expensive
王國,kingdom
痕跡,trace
扶,help
挂,hang
難怪,No wonder
居民,resident
手套,Gloves
資金,funds
its,ITS
撤離,Evacuate
别,do not
撒,spread
飛行員,pilot
碼,code
口,mouth
每一個,Every
dead,dead
開個,Open
les,LES
代,generation
是給,Give
lee,Lee
逃離,get away
兼續,Both
海盜,pirate
葬禮,funeral
臥室,bedroom
问题,question
接電話,Answer the phone
希特勒,Hitler
andy,Andy
有別,Difference
無能,inability
收回,Recover
此時,at this time
another,another
推薦,recommend
搞清楚,Make clear
等一等,Wait
師傅,master
提高,improve
我贏,I win
答,answer
來給,Come to
階段,stage
作出,Make
煩惱,trouble
心意,Mind
紀錄,Record
迅速,fast
爺,Master
礩,Bleak
職位,Position
流行,Popularity
方,square
強迫,force
查克,Chuck
噩夢,Nightmare
稱呼,call
david,david
心里,Heart
left,left
代替,replace
具有,have
一样,Same
理智,reason
人影,Figure
喉嚨,Throat
限制,limit
一道,One by one
採取,take
網站,website
第四,fourth
式,Mode
一夜,One night
騷擾,Harass
面試,interview
钮弧,Button arc
賭場,casino
廠,factory
框,frame
直覺,intuition
真有,Real
hello,hello
玉米,corn
羬,Bleak
殘忍,cruel
秤,scales
打倒,Knock down
老媽,Mother
公,male
咋,Exactly
唐,Tang Dynasty
團結,Unite
胸部,Chest
綾,Paddy
範圍,scope
捉,catch
较,Compare
請別,Please do not
真該,Deserved
加拿大,Canada
幾分鐘,Several minutes
胡扯,Bleak
武士,warrior
制造,manufacture
瞞,conceal
還行,good
溫暖,warmth
大道,Avenue
投,cast
載,load
我会,I can
可別,Don't
可疑,suspicious
丟臉,Shame
愛麗絲,Alice
光明,bright
季,season
ce,CE
沮喪,Frustration
漢堡,Hamburger
尋求,seek
幾句,A few words
視,See
胖,fat
暗示,hint
小屋,cabin
成立,Establish
然後就,then
這一,This
最快,Fastest
一艘,One
太遲,Too late
過分,Excessive
練,practice
坝,dam
救援,Rescue
same,same
狾,Bleak
抹,wipe
聞,smell
那家伙,That rascal
鋪,shop
克萊爾,Claire
还是,still
至今,to date
艙,cabin
得分,Score
蜘蛛,spider
聯合,joint
濕,wet
一共,Together
言,Word
僅供,Only for
去給,Go to
街頭,street
璓,Bleak
福爾,Form
產品,product
換個,Change
說來,Say
時會,Timely
我敢,I dare
someone,someone
feel,Feel
偷偷,secretly
中午,noon
求婚,Proposal
天上,Heaven
資源,resource
小男孩,little boy
郎,Bonus
紋,Pattern
一晚,one night
獲,Obtain
上路,On the road
狂,mad
在外,outer
鮑比,Bobby
願望,desire
下周,next week
coming,coming
一槍,One shot
哭泣,cry
狗狗,Dog
活下,Survive
色,color
句,sentence
巴比,Bobby
醒來,wake up
唐娜,Donna
數學,math
stay,stay
迷失,Disappointed
玛,Macaron
發瘋,go Ape
屌,Dick
護照,passport
祖父,grandfather
我們還,We also
攀,climb
軌道,track
新人,Newcomer
我的車,my car
廣播,broadcast
傳奇,legend
超越,Surpass
救出,Rescue
碎片,Fragmentation
小事,Trivial matter
悲劇,tragedy
被告,defendant
臨時,temporary
彈,bomb
老爺,master
瘤,tumor
小朋友,kid
華,magnificent
發生過,happened before
嚴格,strict
仔,young
陈,List
杯子,cup
崇拜,worship
艦隊,fleet
秅,Bleak
羊,sheep
米勒,Miller
閣下,Your Mightiness
碼頭,pier
籹,cake
相互,mutual
觉得,feel
信用卡,credit card
九,Nine
基督教,Christianity
奇妙,wonderful
演唱,Sing
西蒙,Simon
believe,believe
驚人,amazing
艾瑪,Emma
那有,there is
且,and
星,star
一副,One
罪名,Crime
縉,Bleak
開過,opened
提過,mentioned
爆發,break out
透露,disclose
伊甸,Eden
跪下,Kneel down
信念,belief
征服,conquer
針對,against
遭受,suffer
許能,Be able to
別亂,Don't mess up
借口,Excuse
策,Policy
す,Bleak
牙,tooth
瑌,Bleak
貝利,Belli
賜,Give
凱蒂,Katie
时间,time
難受,Uncomfortable
毒,poison
八道,Eight
科,division
街道,street
位子,seat
老爹,Dad
類型,type
倒霉,Unlucky
最後一個,the last one
being,Being
加速,accelerate
圖書館,library
吸毒,drug
這本書,This book
幹掉,Kill
反而,instead
弟兄,brother
guy,Guy
cause,cause
航空,aviation
辦到,Do
技巧,Skill
卷,roll
丟,leave
most,most
漢克,Hanke
惡心,nausea
玩玩,Play
骨頭,bone
英國人,British
可靠,reliable
五千,Five thousand
hear,hear
度過,Spend
餐館,Restaurant
起飛,take off
良好,good
格雷,Gray
嘍,Cricket
注定,Be destined
理查德,Richard
使命,mission
伊拉克,Iraq
輪到,Turn
小妞,Chick
做生意,Do business
航班,flight
作業,Operation
ㄉ,ㄉ ˙
經紀,Agent
泰德,Thaide
乃,So
愿,willing
霍,Hasty
美的,beautiful
禱告,prayer
攝影機,camera
傑,Outstanding
負擔,burden
直播,live streaming
給你們,For you guys
等不及,Can't wait
干杯,cheers
地震,earthquake
戴維,David
革命,revolution
一首,a
壁,wall
貓,cat
咱倆,Let's
found,found
錶,surface
丟掉,Throw away
小傢伙,brat
michael,Michael
后來,later
問他,ask him
價格,price
球員,Player
日期,date
得知,Know
宾,Guest
不出,Not out
牙齒,teeth
拨,dial
考驗,test
臥底,Undercover
食品,food
早已,For a long time
max,max
成交,make a deal
內褲,Underwear
出名,famous
非得,Be
錄像,Videos
段,part
交,pay
肌肉,muscle
助手,assistant
村子,Village
宰,slaughter
巴西,Brazil
流浪,Wandering
參與,participate
大戰,War
聚集,Gather
行事,Act
設法,try
舞蹈,dance
快給,Give
light,light
這該,This
感恩,grateful
窗,window
榮耀,glory
郴,Dismiss
溫度,temperature
甃,Bleak
ain,Ain
蛋蛋,Egg
硓,Bleak
哪種,Which one
大伙,Group
糟透了,Boring
畑,Bleak
夏洛克,Sherlock
主管,director
耕,Plow
女神,goddess
逞,Take
fine,fine
彎,bend
再有,also
磝,Bleak
前來,Coming
我見,I see
走向,Move
沒別,No good
不記,Not remember
nancy,nancy
疾,disease
畕,Bleak
沸,Boil
氣氛,atmosphere
蔓,vine
马,horse
亦,as well as
武裝,Armed
絃,string
人手,manpower
小姑娘,Little girl
主義,Doctrine
厚,thick
車禍,Car accident
凍,freeze
達成,Reach
屡,repeatedly
不通,Unprepared
保存,save
哩,Mile
皇家,Royal
干掉,Kill
碙,Bleak
幫個,Help
查看,Check
運作,Operate
高手,Master
障礙,obstacle
類,kind
災難,disaster
半個,Half
你贏,You win
老虎,tiger
脾氣,temper
況,condition
追捕,Pursue
蓟,thistle
杀,kill
指令,instruction
這跟,This
舞台,stage
不曉得,do not know
不僅僅,Not only
kind,kind
山上,On the mountain
好萊塢,Hollywood
例如,E.g
上天,Heaven
超人,Superman
草,Grass
應得,deserve
鹽,Salt
專心,concentrate
形式,form
燃料,fuel
怎會,How
lightman,Lightman
約定,Agreed
皌,Bleak
參觀,visit
神聖,sacred
趕上,catch up
專門,specialized
否認,deny
阀,valve
入,enter
殘酷,cruel
脫離,Leave
迪克,Dick
好痛,it hurts
茎,stem
制作,Make
明年,next year
不快,Unhappy
上升,rise
可不可以,Can
玩得,Play
表,surface
凌晨,Early morning
守,Shou
阿富汗,Afghanistan
